{"cameraMode":{"drawMode":0,"name":"Shaded","section":"Shading Mode"},"sceneLighting":true,"audioPlay":false,"sceneViewState":{"showFog":true,"showMaterialUpdate":false,"showSkybox":true,"showFlares":true,"showImageEffects":true,"showParticleSystems":true},"in2DMode":false,"pivot":{"x":-32.03380584716797,"y":-6.130144119262695,"z":-33.237937927246097},"rotation":{"x":-0.013427774421870709,"y":0.9687643647193909,"z":-0.24169886112213136,"w":-0.05382245406508446},"size":55.64248275756836,"orthographic":false}