{"cameraMode":{"drawMode":0,"name":"Shaded","section":"Shading Mode"},"sceneLighting":false,"audioPlay":false,"sceneViewState":{"showFog":true,"showMaterialUpdate":false,"showSkybox":false,"showFlares":true,"showImageEffects":true,"showParticleSystems":true},"in2DMode":false,"pivot":{"x":0.0000016689300537109376,"y":1.4999998807907105,"z":0.0},"rotation":{"x":0.26446032524108889,"y":-0.20210039615631104,"z":0.05678252875804901,"w":0.9412714838981628},"size":8.142084121704102,"orthographic":false}