{"cameraMode":{"drawMode":0,"name":"Shaded","section":"Shading Mode"},"sceneLighting":true,"audioPlay":false,"sceneViewState":{"showFog":true,"showMaterialUpdate":false,"showSkybox":true,"showFlares":true,"showImageEffects":true,"showParticleSystems":true},"in2DMode":false,"pivot":{"x":-22.233179092407228,"y":4.570621490478516,"z":-19.26931381225586},"rotation":{"x":0.3376244008541107,"y":-0.006761899217963219,"z":0.0024258377961814405,"w":0.9412535429000855},"size":22.0,"orthographic":false}