{"cameraMode":{"drawMode":0,"name":"Shaded","section":"Shading Mode"},"sceneLighting":true,"audioPlay":false,"sceneViewState":{"showFog":true,"showMaterialUpdate":false,"showSkybox":true,"showFlares":true,"showImageEffects":true,"showParticleSystems":true},"in2DMode":false,"pivot":{"x":-16.661481857299806,"y":-0.5293893218040466,"z":-20.286483764648439},"rotation":{"x":0.012183183804154396,"y":-0.7137556076049805,"z":0.012419510632753373,"w":0.7001788020133972},"size":22.335412979125978,"orthographic":false}