{"cameraMode":{"drawMode":0,"name":"Shaded","section":"Shading Mode"},"sceneLighting":false,"audioPlay":false,"sceneViewState":{"showFog":true,"showMaterialUpdate":false,"showSkybox":false,"showFlares":true,"showImageEffects":true,"showParticleSystems":true},"in2DMode":false,"pivot":{"x":-19.399999618530275,"y":2.0399999618530275,"z":-20.6200008392334},"rotation":{"x":0.06217464059591293,"y":-0.7981458306312561,"z":0.08363001048564911,"w":0.593383252620697},"size":0.30027228593826296,"orthographic":false}