{"cameraMode":{"drawMode":0,"name":"Shaded","section":"Shading Mode"},"sceneLighting":true,"audioPlay":false,"sceneViewState":{"showFog":true,"showMaterialUpdate":false,"showSkybox":true,"showFlares":true,"showImageEffects":true,"showParticleSystems":true},"in2DMode":false,"pivot":{"x":-53.39206314086914,"y":-91.35470581054688,"z":-103.47279357910156},"rotation":{"x":0.05638410151004791,"y":-0.9349167346954346,"z":0.3046470880508423,"w":0.17303690314292909},"size":197.13421630859376,"orthographic":false}