{"cameraMode":{"drawMode":0,"name":"Shaded","section":"Shading Mode"},"sceneLighting":true,"audioPlay":false,"sceneViewState":{"showFog":true,"showMaterialUpdate":false,"showSkybox":true,"showFlares":true,"showImageEffects":true,"showParticleSystems":true},"in2DMode":false,"pivot":{"x":-20.299543380737306,"y":2.3179922103881838,"z":-19.192768096923829},"rotation":{"x":0.06217464059591293,"y":-0.7981458306312561,"z":0.08363001048564911,"w":0.593383252620697},"size":29.723337173461915,"orthographic":false}